{
  "navigationBarTitleText": "订单详情",
  "usingComponents": {
    "detail-top": "/pages/order/components/detail-top",
    "detail-receipt": "/pages/order/components/detail-receipt",
    "detail-product-info": "/pages/order/components/detail-product-info",
    "detail-price": "/pages/order/components/detail-price",
    "detail-bottom-operating": "/pages/order/components/detail-bottom-operating",
    "detail-order-info": "/pages/order/components/detail-order-info",
    "detail-logistics": "/pages/order/components/detail-logistics",
    "he-products-featured": "/components/he-products-featured",
    "he-loading": "/components/he-loading",
    "he-float-window": "/components/layout/he-float-window"
  }
}