{
  "navigationBarTitleText": "购物车",
  "enablePullDownRefresh": true,
  "usingComponents": {
    "cart-settlement": "/pages/cart/components/cart-settlement",
    "cart-empty": "/pages/cart/components/cart-empty",
    "he-toast": "/components/he-toast",
    "he-cart": "/components/he-cart",
    "cart-item": "/pages/cart/components/cart-item",
    "he-loading": "/components/he-loading",
    "he-products-featured": "/components/he-products-featured",
    "he-login-model": "/components/he-login-layout"
  }
}